Name,Original location,Year started,Head office location,Number of worldwide locations,Areas served,Notes
Benihana,"New York, New York",1964,"Aventura, Florida",116,,
HuHot Mongolian Grill,"Missoula, Montana",1999,"Missoula, Montana",70,Midwest and Mountain West,
Kona Grill,"Scottsdale, Arizona",1998,"Scottsdale, Arizona",40,,
P.F. Chang's China Bistro,"Scottsdale, Arizona",1993,"Scottsdale, Arizona",305,Nationwide,
Roy's,"Honolulu, Hawaii",1988,"Dallas, Texas",27,,
Green Elephant Vegetarian Bistro,"Portland, Maine",2007,"Portland, Maine",2,Northern New England seacoast,
