Name,Original location,Year started,Headquarters,Number of worldwide locations,Areas served,Notes
Jollibee,"Quezon City, Philippines",1978,"Quezon City, Philippines","1,200","West, Mid-Atlantic, Hawaii",
L&L Hawaiian Barbecue,"Honolulu, Hawaii",1976,"Honolulu, Hawaii",200+,"West, Southeast, New York, Hawaii, Alaska",
Manchu Wok,"Peterborough, Ontario, Canada",1980,"Markham, Ontario, Canada",101,Nationwide,
Noodles & Company,"Denver, Colorado",1995,"Broomfield, Colorado",460,Nationwide,
Panda Express,"Glendale, California",1983,"Rosemead, California","2,000+",Nationwide,
Pei Wei Asian Diner,"Scottsdale, Arizona",2000,"Irving, Texas",200,"South, West, Mid-Atlantic, Upper Midwest",
Phở Hòa,"San Jose, California",1983,"Sacramento, California",72,"West, Southeast, Upper Midwest, Massachusetts",
Pick Up Stix,"Rancho Santa Margarita, California",1989,"Laguna Hills, California",63,Southern California,
Yoshinoya,"Tokyo, Japan",1899,"Kitya, Tokyo, Japan","1,000",California,
