Name,Original location,Year started,Headquarters,Number of worldwide locations,Areas served,Notes
Au Bon Pain,"Boston, Massachusetts",1976,"Boston, Massachusetts",204,Nationwide,
Auntie Anne's,"Downingtown, Pennsylvania",1988,"Lancaster, Pennsylvania","1,500+",Nationwide,
Bruegger's Bagels,"Troy, New York",1983,"Burlington, Vermont",260,"East, Southwest",
Cinnabon,"Seattle, Washington",1985,"Sandy Springs, Georgia","1,200+",Nationwide,
Corner Bakery Cafe,"Chicago, Illinois",1991,"Dallas, Texas",192,Nationwide,
Daylight Donuts,"Tulsa, Oklahoma",1954,"Tulsa, Oklahoma","1,000",Midwest,
Duck Donuts,"Duck, North Carolina",2006,"Hampden Township, Pennsylvania",83,East,
Einstein Bros. Bagels,"Golden, Colorado",1995,"Lakewood, Colorado",855,Nationwide,
Great American Cookies,"Atlanta, Georgia",1977,"Atlanta, Georgia",290,East,
Great Harvest Bread Company,"Great Falls, Montana",1976,"Dillon, Montana",200+,Nationwide,
Honey Dew Donuts,"Mansfield, Massachusetts",1973,"Plainville, Massachusetts",150,New England,
Insomnia Cookies,"Philadelphia, Pennsylvania",2003,"New York, New York",155,Nationwide,
Krispy Kreme,"Winston-Salem, North Carolina",1937,"Winston-Salem, North Carolina","1,005",Nationwide,
Le Madeleine,"Dallas, Texas",1983,"Dallas, Texas",86,"Southeast, Texas",
Le Pain Quotidien,"Brussels, Belgium",1990,"New York, New York",260,"Mid-Atlantic, Florida, Illinois, California",
Mrs. Fields,"Palo Alto, California",1977,"Broomfield, Colorado",400,Nationwide,
Pretzelmaker,Pennsylvania,1991,"Atlanta, Georgia",280,Nationwide,
Shipley Do-Nuts,"Houston, Texas",1936,"Houston, Texas",300+,"Texas, Oklahoma",
Wetzel's Pretzels,"Redondo Beach, California",1994,"Pasadena, California",305,Nationwide,
Winchell's Donuts,"Temple City, California",1948,"City of Industry, California",170,West,
