Name,Original location,Year started,Headquarters,Number of worldwide locations,Areas served,Notes
Argo Tea,"Chicago, Illinois",2003,"Chicago, Illinois",41,East and Upper Midwest,
Biggby Coffee,"East Lansing, Michigan",1995,"Lansing, Michigan",235,Southeast and Midwest,
Caribou Coffee,"Edina, Minnesota",1992,"Brooklyn Center, Minnesota",603,Midwest,
The Coffee Bean & Tea Leaf,"Los Angeles, California",1963,"Los Angeles, California","1,000+",California,
Coffee Beanery,"Dearborn, Michigan",1976,"Flushing, Michigan",120+,Nationwide,
Dunkin' Donuts,"Quincy, Massachusetts",1950,"Canton, Massachusetts","10,858",Nationwide,
Dunn Brothers Coffee,"Saint Paul, Minnesota",1987,"Minneapolis, Minnesota",74,Midwest,
Dutch Bros. Coffee,"Grants Pass, Oregon",1992,"Grants Pass, Oregon",328,West,
Gloria Jean's Coffees,"Long Grove, Illinois",1979,"Castle Hill, New South Wales, Australia","1,000",Nationwide,
Gregorys Coffee,"New York, New York",2006,"New York, New York",31,Northeast,
Heine Brothers',"Louisville, Kentucky",1994,"Louisville, Kentucky",17,Kentucky,
Intelligentsia Coffee & Tea,"Chicago, Illinois",1995,"Chicago, Illinois",16,Nationwide,
Jamba Juice,"San Luis Obispo, California",1990,"Frisco, Texas",864,Nationwide,
Juice It Up!,"Brea, California",1995,"Irvine, California",85,West,
Orange Julius,"Los Angeles, California",1926,"Edina, Minnesota","5,700",Nationwide,
Peet's Coffee,"Berkeley, California",1966,"Emeryville, California",200,West and Midwest,
Philz Coffee,"San Francisco, California",2002,"San Francisco, California",57,Nationwide,
Planet Smoothie,"Atlanta, Georgia",1995,"Scottsdale, Arizona",100+,Nationwide,
Robeks,"Los Angeles, California",1996,"Los Angeles, California",91,West,
Seattle's Best Coffee,"Seattle, Washington",1970,"Seattle, Washington",,Nationwide,
Smoothie King,"Kenner, Louisiana",1973,"Coppell, Texas",950,Nationwide,
Starbucks,"Seattle, Washington",1971,"Seattle, Washington","28,218",Nationwide,
Tim Hortons,"Hamilton, Ontario, Canada",1964,"Toronto, Ontario, Canada","4,846",North,
Tropical Smoothie Cafe,"Destin, Florida",1997,"Atlanta, Georgia",700,Nationwide,
