Name,Original location,Year started,Headquarters,Number of worldwide locations,Areas served,Notes
Baskin-Robbins,"Glendale, California",1945,"Canton, Massachusetts","7,552",Nationwide,
Ben & Jerry's,"Burlington, Vermont",1978,"South Burlington, Vermont",221,Nationwide,
Braum's,"Oklahoma City, Oklahoma",1968,"Tuttle, Oklahoma",300,Midwest,
Bruster's Ice Cream,"Bridgewater, Pennsylvania",1990,"Bridgewater, Pennsylvania",,Nationwide,
Carvel,"Hartsdale, New York",1929,"Farmington, Connecticut",371,Nationwide,
Cold Stone Creamery,"Tempe, Arizona",1988,"Scottsdale, Arizona","1,500",Nationwide,
Dairy Queen,"Joliet, Illinois",1940,"Edina, Minnesota","6,800+",Nationwide,
Dippin' Dots,"New Grand Chain, Illinois",1988,"Paducah, Kentucky",,Nationwide,
Fosters Freeze,"Inglewood, California",1946,"Rancho Cucamonga, California",74,California,
Friendly's,"Springfield, Massachusetts",1935,"Wilbraham, Massachusetts",167,East Coast,
Golden Spoon,,,"Rancho Santa Margarita, California",23,California,
Graeter's,"Cincinnati, Ohio",1874,"Cincinnati, Ohio",53,Midwest,
Häagen-Dazs,"Brooklyn, New York",1961,"Minneapolis, Minnesota",600,,
Handel's Homemade Ice Cream & Yogurt,"Youngstown, Ohio",1945,"Canfield, Ohio",45,"West, Great Lakes, Alabama, Pennsylvania",
MaggieMoo's Ice Cream and Treatery,"Kansas City, Missouri",1989,"Fulton County, Georgia",49,Nationwide,
Marble Slab Creamery,"Houston, Texas",1983,"Fulton County, Georgia",391,Nationwide,
Menchie's Frozen Yogurt,"San Fernando Valley, California",2007,"Encino, California",540,Nationwide,
Oberweis Dairy,"Kane County, Illinois",1927,"North Aurora, Illinois",41,Upper Midwest,
Pinkberry,"West Hollywood, California",2005,"Scottsdale, Arizona",260,Nationwide,
Red Mango,"Los Angeles, California",2006,"Dallas, Texas",50,Nationwide,
Rita's Italian Ice,"Philadelphia, Pennsylvania",1984,"Bensalem, Pennsylvania",600+,Nationwide,
Sweet Frog,"Richmond, Virginia",2009,"Richmond, Virginia",350+,Nationwide,
Tastee-Freez,"Joliet, Illinois",1950,"Newport Beach, California",23,Mid-Atlantic and Midwest,
TCBY,"Little Rock, Arkansas",1981,"Broomfield, Colorado",470+,Nationwide,
Tropical Sno,"Provo, Utah",1984,"Draper, Utah",,Nationwide,
Tutti Frutti Frozen Yogurt,California,2008,"Fullerton, California",100+,West,
Yogen Früz,"Thornhill, Ontario, Canada",1986,"Markham, Ontario, Canada",,"East Coast, Illinois, Texas",
Yogurtland,"Fullerton, California",2006,"Irvine, California",326,Nationwide,
