Name,Original location,Year started,Headquarters,Number of worldwide locations,Areas served,Notes
A&W Restaurants,"Lodi, California",1919,"Lexington, Kentucky","1,200",Nationwide,
Arctic Circle Restaurants,"Midvale, Utah",1950,"Salt Lake City, Utah",66,West,
Back Yard Burgers,"Cleveland, Ohio",1987,"Nashville, Tennessee",55,South and Midwest,
Big Boy,"Glendale, California",1936,"Warren, Michigan",79,Midwest and California,
Blake's Lotaburger,"Albuquerque, New Mexico",1952,"Albuquerque, New Mexico",75,Southwest,
BurgerFi,"Lauderdale-by-the-Sea, Florida",2011,"Palm Beach, Florida",106,East and Midwest,
Burger King,"Jacksonville, Florida",1953,"Miami-Dade County, Florida","13,000+",Nationwide,
Burger Street,"Lewisville, Texas",1985,"Dallas, Texas",19,South central,
Burgerville,"Vancouver, Washington",1961,"Vancouver, Washington",47,Pacific Northwest,
Carl's Jr. Hardee's,"Los Angeles, California Rocky Mount, North Carolina",1941 1960,"Franklin, Tennessee","7,302",Nationwide,"Carl's Jr. in the West, Hardee's in the East"
Checkers Rally's,"Mobile, Alabama Louisville, Kentucky",1985 1986,"Tampa, Florida",900,Nationwide,"Checkers in the Southeast and Northeast, Rally's in the Midwest and California"
Cheeburger Cheeburger,"Sanibel, Florida",1986,"Fort Myers, Florida",22,East,
Cook Out,"Greensboro, North Carolina",1989,"Thomasville, North Carolina",244,Southeast,
Culver's,"Sauk City, Wisconsin",1984,"Prairie du Sac, Wisconsin",710,Midwest and Southeast,
Farmer Boys,"Perris, California",1981,"Riverside, California",90+,California,
Fatburger,"Los Angeles, California",1947,"Beverly Hills, California",200+,West,
Five Guys,"Arlington County, Virginia",1986,"Lorton, Virginia","1,500",Nationwide,
Freddy's Frozen Custard & Steakburgers,"Wichita, Kansas",2002,"Wichita, Kansas",300+,Nationwide,
Frisch's Big Boy,"Cincinnati, Ohio",1939,"Cincinnati, Ohio",120,Great Lakes,
Fuddruckers,"San Antonio, Texas",1979,"Houston, Texas",223,Nationwide,
The Habit Burger Grill,"Santa Barbara, California",1969,"Irvine, California",246,Nationwide,
The Halal Guys,"New York, New York",1990,"New York, New York",,Nationwide,
Hwy 55 Burgers Shakes & Fries,"Goldsboro, North Carolina",1991,"Mount Olive, North Carolina",135,South and Midwest,
In-N-Out Burger,"Baldwin Park, California",1948,"Irvine, California",342,West and Texas,
Jack's,"Homewood, Alabama",1960,"Sumiton, Alabama",166,Southeast,
Jack in the Box,"San Diego, California",1951,"San Diego, California","2,200+",,
Krystal,"Chattanooga, Tennessee",1932,"Atlanta, Georgia",360,,
McDonald's,"San Bernardino, California",1940,"Chicago, Illinois","37,241",,
Milo's Hamburgers,"Birmingham, Alabama",1946,"Birmingham, Alabama",16,,
Mooyah,"Plano, Texas",2007,"Plano, Texas",100,,
Original Tommy's,"Los Angeles, California",1946,"Monrovia, California",33,West,
Penguin Point,"Wabash, Indiana",1950,"Warsaw, Indiana",14,,
Roy Rogers Restaurants,"Fort Wayne, Indiana",1968,"Frederick, Maryland",48,Mid-Atlantic,
Shake Shack,"New York, New York",2004,"New York, New York",200,,
Smashburger,"Denver, Colorado",2007,"Denver, Colorado",370,,
Sonic Drive-In,"Shawnee, Oklahoma",1953,"Oklahoma City, Oklahoma","3,612[1]",Nationwide,
Spangles,"Wichita, Kansas",1978,"Wichita, Kansas",27,,
Steak 'n Shake,"Normal, Illinois",1934,"Indianapolis, Indiana",842,,
Swensons,"Akron, Ohio",1934,"Akron, Ohio",12,,
Umami Burger,"Los Angeles, California",2009,"Los Angeles, California",25,,
Wayback Burgers,"Newark, Delaware",1991,"Cheshire, Connecticut",133,,
Wendy's,"Columbus, Ohio",1969,"Dublin, Ohio","6,500+",Nationwide,
Whataburger,"Corpus Christi, Texas",1950,"San Antonio, Texas",824,,
White Castle,"Wichita, Kansas",1921,"Columbus, Ohio",420,,
Zip's Drive-in,"Kennewick, Washington",1953,"Kennewick, Washington",38,,
