Name,Original location,Year started,Headquarters,Number of worldwide locations,Areas served,Notes
Hot Dog on a Stick,"Santa Monica, California",1946,"Carlsbad, California",80,,
James Coney Island,"Houston, Texas",1923,"Houston, Texas",21,,
Nathan's Famous,"Brooklyn, New York",1916,"Jericho, New York",,,
Sneaky Pete's,"Birmingham, Alabama",1966,"Birmingham, Alabama",39,,
Portillo's Restaurants,"Villa Park, Illinois",1963,"Oak Brook, Illinois",60,,
Wienerschnitzel,"Los Angeles, California",1961,"Irvine, California",358,,
