Name,Original location,Year started,Head office location,Number of worldwide locations,Areas served,Notes
Brio Tuscan Grill,"Columbus, Ohio",1992,"Columbus, Ohio",118,Nationwide,Also operates as Bravo! Cucina Italiana
Buca di Beppo,"Minneapolis, Minnesota",1993,"Orlando, Florida",88,Nationwide,
California Pizza Kitchen,"Beverly Hills, California",1985,"Los Angeles, California",250,Nationwide,
Carino's Italian,"Austin, Texas",1968,"Austin, Texas",55,,
Carrabba's Italian Grill,"Houston, Texas",1986,"Tampa, Florida",247,,
Maggiano's Little Italy,"Chicago, Illinois",1991,"Dallas, Texas",52,,
The Old Spaghetti Factory,"Portland, Oregon",1969,"Portland, Oregon",43,,
Olive Garden,"Orlando, Florida",1982,"Orlando, Florida",892,Nationwide,
Romano's Macaroni Grill,"Leon Springs, Texas",1988,"Denver, Colorado",90,,
Valentino's,"Lincoln, Nebraska",1957,"Lincoln, Nebraska",36,Nebraska and Minnesota,
