Name,Original location,Year started,Headquarters,Number of worldwide locations,Areas served,Notes
Atlanta Bread Company,"Sandy Springs, Georgia",1994,"Smyrna, Georgia",37,,
Arby's,"Boardman, Ohio",1964,"Sandy Springs, Georgia","3,400+",Nationwide,
Blimpie,"Hoboken, New Jersey",1964,"Scottsdale, Arizona","2,000",Nationwide,
Camille's Sidewalk Cafe,"Tulsa, Oklahoma",1996,"Tulsa, Oklahoma",107,,
Capriotti's,"Wilmington, Delaware",1976,"Las Vegas, Nevada",106,,
Charleys Philly Steaks,"Columbus, Ohio",1986,"Columbus, Ohio",600,,
Così,"New York, New York",1996,"Boston, Massachusetts",66,,
Cousins Subs,"Milwaukee, Wisconsin",1972,"Menomonee Falls, Wisconsin",,,
D'Angelo Grilled Sandwiches,"Dedham, Massachusetts",1967,"Dedham, Massachusetts",86,New England,
Daphne's Greek Cafe,California,1991,"Los Angeles, California",,,
DiBella's,"Rochester, New York",1918,"Rochester, New York",43,,
Earl of Sandwich,"Lake Buena Vista, Florida",2004,"Orlando, Florida",31,,
Eegee's,"Tucson, Arizona",1971,"Tucson, Arizona",24,,
Erbert & Gerbert's,"Eau Claire, Wisconsin",1987,"Eau Claire, Wisconsin",50+,,
Firehouse Subs,"Jacksonville, Florida",1994,"Jacksonville, Florida","1,170",Nationwide,
Great Wraps,,1974,"Atlanta, Georgia",,Nationwide,
Jason's Deli,"Beaumont, Texas",1976,"Beaumont, Texas",268,,
Jerry's Subs & Pizza,"Wheaton, Maryland",1954,"Gaithersburg, Maryland",28,,
Jersey Mike's Subs,"Point Pleasant Beach, New Jersey",1956,"Wall Township, New Jersey","1,200+",Nationwide,
Jimmy John's,"Charleston, Illinois",1983,"Champaign, Illinois","2,800",Nationwide,
Lee's Sandwiches,"San Jose, California",1983,"San Jose, California",61,,
Lenny's Grill & Sub,"Memphis, Tennessee",1998,"Memphis, Tennessee",100,,
Lion's Choice,"Ballwin, Missouri",1967,"St. Louis, Missouri",26,,
McAlister's Deli,"Oxford, Mississippi",1989,"Sandy Springs, Georgia",400,,
Miami Grill,"Key West, Florida",1988,"Fort Lauderdale, Florida",31,Southeast,
Newk's Eatery,"Oxford, Mississippi",2004,"Jackson, Mississippi",100+,Southeast,
Panera Bread,"Kirkwood, Missouri",1987,"Sunset Hills, Missouri","2,000+",Nationwide,
Penn Station East Coast Subs,"Cincinnati, Ohio",1985,"Cincinnati, Ohio",300+,,
Pita Pit,"Kingston, Ontario, Canada",1995,"Coeur d'Alene, Idaho",500+,,
Port of Subs,"Sparks, Nevada",1972,"Reno, Nevada",140+,,
Potbelly Sandwich Shop,"Chicago, Illinois",1977,"Chicago, Illinois",413,,
Pret a Manger,"London, England, UK",1983,"London, England, UK",450+,,
Primo Hoagies,"South Philadelphia, Pennsylvania",1992,"Westville, New Jersey",95,East,
Quiznos,"Denver, Colorado",1981,"Denver, Colorado",800,,
Rax Roast Beef,"Springfield, Ohio",1967,"Ironton, Ohio",8,,
Sandella's Flatbread Café,"Redding, Connecticut",1994,"Redding, Connecticut",130,,
Schlotzsky's,"Austin, Texas",1971,"Atlanta, Georgia",350,,
Steak Escape,"Columbus, Ohio",1982,"Columbus, Ohio",100+,Nationwide,
Subway,"Bridgeport, Connecticut",1965,"Milford, Connecticut","42,431[3]",Nationwide,
Togo's,"San Jose, California",1971,"San Jose, California",200,,
Tubby's,"St. Clair Shores, Michigan",1968,"Clinton Township, Michigan",,,
Tudor's Biscuit World,"Charleston, West Virginia",1980,"Huntington, West Virginia",,,
Which Wich?,"Dallas, Texas",2003,"Dallas, Texas",431,,
