Name,Original location,Year started,Head office location,Number of worldwide locations,Areas served,Notes
Bonefish Grill,"St. Petersburg, Florida",2000,"Tampa, Florida",215,Nationwide,
Bubba Gump Shrimp Company,"Monterey, California",1996,"Houston, Texas",45,Nationwide,
Eddie V's Prime Seafood,"Austin, Texas",2000,"Orlando, Florida",21,"Southwest, Texas, Florida",
Joe's Crab Shack,"Houston, Texas",1991,"Houston, Texas",,,
Landry's Seafood,"Lafayette, Louisiana",1947,"Houston, Texas",20,,
Legal Sea Foods,"Cambridge, Massachusetts",1968,"Boston, Massachusetts",34,,
McCormick & Schmick's,"Portland, Oregon",1979,"Houston, Texas",44,,
Pappadeaux Seafood Kitchen,"San Antonio, Texas",1993,"Houston, Texas",40,,
Red Lobster,"Lakeland, Florida",1968,"San Francisco, California",705,Nationwide,
