Name,Original location,Year started,Head office location,Number of worldwide locations,Areas served,Notes
Black Angus Steakhouse,"Los Altos, California",1964,"Los Angeles, California",45,,
The Capital Grille,"Providence, Rhode Island",1990,"Orlando, Florida",59,Nationwide,
Claim Jumper,"Los Angeles, California",1977,"Houston, Texas",30,,
Del Frisco's Double Eagle Steakhouse,"New York City, New York",1981,"Houston, Texas",18,,
Fleming's Prime Steakhouse & Wine Bar,"Newport Beach, California",1998,"Tampa, Florida",69,,
Fogo de Chão,"Porto Alegre, Brazil",1979,"Plano, Texas",52,,
Logan's Roadhouse,"Lexington, Kentucky",1991,"Nashville, Tennessee",230,,
LongHorn Steakhouse,"Atlanta, Georgia",1981,"Orlando, Florida",491,,
Montana Mike's,,,,,,
Morton's The Steakhouse,"Chicago, Illinois",1978,"Houston, Texas",78,Nationwide,
Outback Steakhouse,"Tampa, Florida",1988,"Tampa, Florida","1,002",Nationwide,
Ponderosa Bonanza Steakhouses,"Kokomo, Indiana Westport, Connecticut",1963 1965,"Plano, Texas",75,,
Ruth's Chris Steak House,"New Orleans, Louisiana",1965,"Winter Park, Florida",100,,
Saltgrass Steak House,"Houston, Texas",1991,"Houston, Texas",80,Nationwide,
Texas de Brazil,"Addison, Texas",1998,"Dallas, Texas",50+,,
Texas Roadhouse,"Clarksville, Indiana",1993,"Louisville, Kentucky",563,,
Tony Roma's,"North Miami, Florida",1972,"Orlando, Florida",150,,
Sizzler,"Culver City, California",1958,"Mission Viejo, California",270,,
Western Sizzlin',"Augusta, Georgia",1962,"Roanoke, Virginia",54,,
