Name,Original location,Year started,Head office location,Number of worldwide locations,Areas served,Notes
Applebee's,"Decatur, Georgia",1980,"Glendale, California","1,830",Nationwide,
Bakers Square,"Nashville, Tennessee",1969,"Des Moines, Iowa",46,Midwest,
Beef O'Brady's,"Brandon, Florida",1985,"Brandon, Florida",235,"Southeast, Midwest",
Bennigan's,"Atlanta, Georgia",1976,"Dallas, Texas",29,"East, Midwest",
BJ's Restaurant,"Santa Ana, California",1978,"Huntington Beach, California",204,Nationwide,"Operates as BJ's Restaurant & Brewery, BJ's Restaurant & Brewhouse, BJ's Grill, and BJ's Pizza & Grill."
Black Bear Diner,"Mount Shasta, California",1995,"Redding, California",133,West,
Bob Evans Restaurant,"Gallipolis, Ohio",1948,"New Albany, Ohio",500,"Mid-Atlantic, Midwest",
Boomerang Diner,"Muskogee, Oklahoma",1998,"Shawnee, Oklahoma",55,"Oklahoma, Arkansas",
Cheddar's Scratch Kitchen,"Arlington, Texas",1979,"Orlando, Florida",171,,
The Cheesecake Factory,"Beverly Hills, California",1978,"Calabasas, California",211,Nationwide,14 locations are branded as Grand Lux Cafe
Cooper's Hawk Winery & Restaurant,"Orland Park, Illinois",2005,"Countryside, Illinois",30,"Southeast, Midwest",
Furr's,"Hobbs, New Mexico",1946,"San Antonio, Texas",21,"Southwest, South central",
Golden Corral,"Fayetteville, North Carolina",1973,"Raleigh, North Carolina",498,Nationwide,
Ground Round,,1969,"Freeport, Maine",17,,
Hard Rock Cafe,"London, England, U.K.",1971,"Davie, Florida",185,Nationwide,
Hooters,"Clearwater, Florida",1983,"Atlanta, Georgia",420,Nationwide,
Houlihan's,"Kansas City, Missouri",1972,"Leawood, Kansas",84,Nationwide,
Houston's Restaurant,"Dallas, Texas",1977,"Beverly Hills, California",51,,"Operates under 15 different names, with most branded as Houston's or Hillstone"
Huddle House,"Decatur, Georgia",1964,"Atlanta, Georgia",339,Southeast,
J. Alexander's,"Nashville, Tennessee",1991,"Nashville, Tennessee",44,,
Johnny Rockets,"Los Angeles, California",1986,"Wilbraham, Massachusetts",320,Nationwide,
Lazy Dog Restaurant & Bar,"Huntington Beach, California",2003,,30,West and Midwest,
Luby's,"San Antonio, Texas",1947,"Houston, Texas",83,Texas and Mississippi,
O'Charley's,"Nashville, Tennessee",1971,"Nashville, Tennessee",200,Southeast and Midwest,
Old Country Buffet HomeTown Buffet Ryan Buffet,,1983 1989 1977,"Hollywood Park, Texas",19 (Old Country) 33 (HomeTown) 16 (Ryan),Midwest California South & Midwest,
Rainforest Cafe,"Bloomington, Minnesota",1994,"Houston, Texas",24,Nationwide,
Ruby Tuesday,"Knoxville, Tennessee",1972,"Maryville, Tennessee",491,East (with isolated locations across the U.S including Hawaii),
Ruby's Diner,"Newport Beach, California",1982,"Irvine, California",32,"West, Texas, Mid-Atlantic",
Rusty Bucket Restaurant & Tavern,"Dublin, Ohio",2002,"Columbus, Ohio",23,Southeast and Midwest,
Seasons 52,"Orlando, Florida",2003,"Orlando, Florida",41,,
Shari's Cafe & Pies,"Hermiston, Oregon",1978,"Beaverton, Oregon",95,West,
Shoney's,"Charleston, West Virginia",1947,"Nashville, Tennessee",,"South, Mid-Atlantic, Midwest",
Ted's Montana Grill,"Columbus, Ohio",2002,"Atlanta, Georgia",45,,
TGI Fridays,"New York City, New York",1965,"Dallas, Texas",870,Nationwide,
Twin Peaks,"Lewisville, Texas",2008,"Addison, Texas",61,South and Midwest,
Village Inn,"Denver, Colorado",1959,"Nashville, Tennessee",212,"West, Midwest, and South",
Yard House,"Long Beach, California",1996,"Orlando, Florida",80,Nationwide,
