Name,Original location,Year started,Head office location,Number of worldwide locations,Areas served,Notes
Denny's,"Lakewood, California",1953,"Spartanburg, South Carolina","1,700",Nationwide,
First Watch,"Pacific Grove, California",1983,"University Park, Florida",200,,
IHOP,"Los Angeles, California",1958,"Glendale, California","1,822",Nationwide,
The Original Pancake House,"Portland, Oregon",1953,"Portland, Oregon",150,Nationwide,
Perkins Restaurant and Bakery,"Cincinnati, Ohio",1958,"Memphis, Tennessee",342,,
Waffle House,"Avondale Estates, Georgia",1955,"Norcross, Georgia","2,100",Southeast,
