Name,Original location,Year started,Headquarters,Number of worldwide locations,Areas served,Notes
Baja Fresh,"Scottsdale, Arizona",1990,"Newbury Park, California",256,North,
Cafe Rio,"St. George, Utah",1997,"Cottonwood Heights, Utah",120,,
California Tortilla,"Bethesda, Maryland",1995,"Potomac, Maryland",51,,
Chipotle Mexican Grill,"Denver, Colorado",1993,"Newport Beach, California","2,250",Nationwide,
Del Taco,"Yermo, California",1964,"Lake Forest, California",564,,
Green/Red Burrito,"Hawaiian Gardens, California",1980,"Franklin, Tennessee",500+,,
El Taco Tote,"Ciudad Juárez, Chihuahua, Mexico",1988,"El Paso, Texas",23,,
Fuzzy's Taco Shop,"Fort Worth, Texas",2001,"Fort Worth, Texas",150,,
La Salsa,"Los Angeles, California",1979,"Scottsdale, Arizona",23,,
Moe's Southwest Grill,"Atlanta, Georgia",2000,"Atlanta, Georgia",680+,,
Qdoba,"Denver, Colorado",1995,"San Diego, California",729,,
Rubio's Coastal Grill,"San Diego, California",1983,"Carlsbad, California",200+,,
Salsarita's Fresh Mexican Grill,"Charlotte, North Carolina",2000,"Charlotte, North Carolina",80+,,
Taco Bell,"Downey, California",1962,"Irvine, California","7,000",Nationwide,
Taco Bueno,"Abilene, Texas",1967,"Irving, Texas",160+,,
Taco Cabana,"San Antonio, Texas",1978,"San Antonio, Texas",176,,
Taco del Mar,"Seattle, Washington",1992,"Denver, Colorado",100,,
Taco John's,"Cheyenne, Wyoming",1969,"Cheyenne, Wyoming",425,,
Taco Mayo,"Norman, Oklahoma",1978,"Oklahoma City, Oklahoma",13,,
Taco Palenque,"Laredo, Texas",1987,"Laredo, Texas",19,,
Taco Time,"Eugene, Oregon",1960,"Scottsdale, Arizona",300+,,
Tijuana Flats,"Winter Park, Florida",1995,"Maitland, Florida",130,,
Wahoo's Fish Taco,"Costa Mesa, California",1988,"Santa Ana, California",,,
