Name,Original location,Year started,Headquarters,Number of worldwide locations,Areas served,Notes
America's Incredible Pizza Company,"Springfield, Missouri",2002,"Springfield, Missouri",73,Southeast,
Blaze Pizza,"Irvine, California",2011,"Pasadena, California",300+,Nationwide,
Cicis,"Plano, Texas",1985,"Irving, Texas",442,,
Domino's,"Ypsilanti, Michigan",1960,"Ann Arbor, Michigan","13,811",Nationwide,
Donatos Pizza,"Columbus, Ohio",1963,"Gahanna, Ohio",200,,
D.P. Dough,"Amherst, Massachusetts, Massachusetts",1983,"Columbus, Ohio",37,,
East of Chicago Pizza,"Willard, Ohio",1982,"Lima, Ohio",80,,
Fazoli's,"Lexington, Kentucky",1988,"Lexington, Kentucky",217,,
Fox's Pizza Den,"Pitcairn, Pennsylvania",1971,"Murrysville, Pennsylvania",250,,
Gatti's Pizza,"Stephenville, Texas",1964,"Fort Worth, Texas",140+,,
Gino's Pizza and Spaghetti,"Huntington, West Virginia",1961,"Huntington, West Virginia",40,,
Giordano's Pizzeria,"Chicago, Illinois",1974,"Chicago, Illinois",69,,
Godfather's Pizza,"Omaha, Nebraska",1973,"Omaha, Nebraska",571,,
Happy's Pizza,"Detroit, Michigan",1994,"Farmington Hills, Michigan",65,Great Lakes and West,
Hungry Howie's Pizza,"Taylor, Michigan",1973,"Madison Heights, Michigan",550+,,
Jet's Pizza,"Sterling Heights, Michigan",1978,"Sterling Heights, Michigan",336,,
Little Caesars,"Garden City, Michigan",1959,"Detroit, Michigan","5,463",Nationwide,
Marco's Pizza,"Oregon, Ohio",1978,"Toledo, Ohio",800,Nationwide,
MOD Pizza,"Seattle, Washington",2008,"Bellevue, Washington",400+,,
Monical's Pizza,"Toledo, Illinois",1959,"Bradley, Illinois",40,Midwest,
Papa Gino's,"Boston, Massachusetts",1961,"Dedham, Massachusetts",97,,
Papa John's Pizza,"Jeffersonville, Indiana",1984,"Jeffersontown, Kentucky","5,199",Nationwide,
Papa Murphy's,Merger,1995,"Vancouver, Washington","1,500+",,
Pieology Pizzeria,"Fullerton, California",2011,"Rancho Santa Margarita, California",140,,
Pizza Hut,"Wichita, Kansas",1958,"Plano, Texas","16,796[2]",Nationwide,
Pizza Inn,"Dallas, Texas",1958,"The Colony, Texas",158,,
Pizza Ranch,"Hull, Iowa",1981,"Orange City, Iowa",216,,
Sbarro,"New York, New York",1956,"Columbus, Ohio",800+,,
Uncle Maddio's Pizza Joint,"Atlanta, Georgia",2009,"Atlanta, Georgia",38,,
Villa Italian Kitchen,"New York, New York",1964,"Morristown, New Jersey",330,Nationwide,
