Name,Original location,Year started,Head office location,Number of worldwide locations,Areas served,Notes
Bertucci's,"Somerville, Massachusetts",1981,"Woburn, Massachusetts",,,
Happy Joe's,"Bettendorf, Iowa",1972,"Bettendorf, Iowa",61,Midwest,
Mellow Mushroom,"Atlanta, Georgia",1974,"Atlanta, Georgia",150,Southeast,
Old Chicago Pizza & Taproom,,,"Broomfield, Colorado",60,,
Rosati's Authentic Chicago Pizza,"Chicago, Illinois",1926,"Elgin, Illinois",200,,
Round Table Pizza,"Menlo Park, California",1959,"Atlanta, Georgia",400+,,
Shakey's Pizza,"Sacramento, California",1954,"Alhambra, California",500,,
Uno Pizzeria & Grill,"Chicago, Illinois",1943,"Boston, Massachusetts",,,
