Name,Original location,Year started,Head office location,Number of worldwide locations,Areas served,Notes
Bill Miller Bar-B-Q,,1953,"San Antonio, Texas",,,
Copeland's,"New Orleans, Louisiana",1983,,20,Southeast,
Cracker Barrel,"Lebanon, Tennessee",1969,"Lebanon, Tennessee",645,Nationwide,
Dickey's Barbecue Pit,"Dallas, Texas",1941,"Dallas, Texas",560,,
Famous Dave's,"Hayward, Wisconsin",1994,"Minnetonka, Minnesota",180,Nationwide,
Grandy's,,1972,"Nashville, Tennessee",38,South and Midwest,
Lucille's Smokehouse Bar-B-Que,"Signal Hill, California",,"Long Beach, California",24,Southwest,
Pappas Bar-B-Q,,,"Houston, Texas",19,,
Red Hot & Blue,"Memphis, Tennessee",1989,"Winston-Salem, North Carolina",15,"Mid-Atlantic, Midwest, and Texas",
Smokey Bones,"Orlando, Florida",1999,"Aventura, Florida",66,East,
Sonny's BBQ,"Gainesville, Florida",1968,"Maitland, Florida",113,Southeast,
